id,publish_time,title,article_url,ticker,publisher,description,keywords
ae0be5f6-7e6a-4387-85ae-36223f7290e2,2023-02-18 08:00:00,"ROSEN, GLOBALLY RESPECTED INVESTOR COUNSEL, Encourages International Business Machines Corporation Investors to Secure Counsel Before Important Deadline in Securities Class Action Commenced by the Fir",https://www.asiaone.com/business/rosen-globally-respected-investor-counsel-encourages-international-business-machines,IBM,asiaone.com,"ROSEN, GLOBALLY RESPECTED INVESTOR COUNSEL, Encourages International Business Machines Corporation Investors to Secure Counsel Before Important Deadline in Securities Class Action Commenced by the Firm â€“ IBM
 
 GlobeNewswire
 
 February 18, 2023
 
 
 
 NEW YORK, Feb. 18, 2023 (GLOBE NEWSWIRE) -- WHY: Rosen Law Firm, a global investor rights law firm, reminds purchasers of...",
